{
  "model": "BM25",
  "k": 10,
  "k1": 1.5,
  "b": 0.75,
  "text_col": "clean_posts",
  "train_stats": {
    "num_documents": 6940
  },
  "test_stats": {
    "num_documents": 1735
  },
  "index_seconds": 1.52,
  "bm25": {
    "accuracy": 0.2610951008645533,
    "macro_f1": 0.1108185824366302,
    "report": "              precision    recall  f1-score   support\n\n        ENFJ       0.07      0.03      0.04        38\n        ENFP       0.21      0.12      0.15       135\n        ENTJ       0.20      0.02      0.04        46\n        ENTP       0.36      0.07      0.11       137\n        ESFJ       0.00      0.00      0.00         9\n        ESFP       0.00      0.00      0.00        10\n        ESTJ       0.00      0.00      0.00         8\n        ESTP       0.00      0.00      0.00        18\n        INFJ       0.22      0.56      0.32       294\n        INFP       0.29      0.54      0.38       366\n        INTJ       0.33      0.13      0.19       218\n        INTP       0.37      0.09      0.14       261\n        ISFJ       0.25      0.12      0.16        33\n        ISFP       0.27      0.07      0.12        54\n        ISTJ       0.00      0.00      0.00        41\n        ISTP       0.38      0.07      0.12        67\n\n    accuracy                           0.26      1735\n   macro avg       0.18      0.11      0.11      1735\nweighted avg       0.28      0.26      0.21      1735\n"
  }
}