{
  "model": "TF-IDF",
  "max_features": 50000,
  "ngram_range": [
    1,
    2
  ],
  "text_col": "clean_posts",
  "train_stats": {
    "num_documents": 6940
  },
  "test_stats": {
    "num_documents": 1735
  },
  "train_seconds": 41.13,
  "lr": {
    "accuracy": 0.5193083573487032,
    "macro_f1": 0.360842572043403,
    "report": "              precision    recall  f1-score   support\n\n        ENFJ       0.50      0.42      0.46        38\n        ENFP       0.39      0.54      0.45       135\n        ENTJ       0.24      0.35      0.28        46\n        ENTP       0.52      0.55      0.53       137\n        ESFJ       0.00      0.00      0.00         9\n        ESFP       0.00      0.00      0.00        10\n        ESTJ       0.00      0.00      0.00         8\n        ESTP       0.50      0.06      0.10        18\n        INFJ       0.60      0.49      0.54       294\n        INFP       0.57      0.58      0.58       366\n        INTJ       0.53      0.50      0.52       218\n        INTP       0.59      0.63      0.61       261\n        ISFJ       0.55      0.36      0.44        33\n        ISFP       0.34      0.39      0.36        54\n        ISTJ       0.43      0.29      0.35        41\n        ISTP       0.50      0.64      0.56        67\n\n    accuracy                           0.52      1735\n   macro avg       0.39      0.36      0.36      1735\nweighted avg       0.52      0.52      0.51      1735\n"
  },
  "nb": {
    "accuracy": 0.36023054755043227,
    "macro_f1": 0.10915233302109056,
    "report": "              precision    recall  f1-score   support\n\n        ENFJ       0.00      0.00      0.00        38\n        ENFP       0.88      0.05      0.10       135\n        ENTJ       0.00      0.00      0.00        46\n        ENTP       0.30      0.02      0.04       137\n        ESFJ       0.00      0.00      0.00         9\n        ESFP       0.00      0.00      0.00        10\n        ESTJ       0.00      0.00      0.00         8\n        ESTP       0.00      0.00      0.00        18\n        INFJ       0.36      0.40      0.38       294\n        INFP       0.32      0.83      0.47       366\n        INTJ       0.40      0.20      0.27       218\n        INTP       0.43      0.57      0.49       261\n        ISFJ       0.00      0.00      0.00        33\n        ISFP       0.00      0.00      0.00        54\n        ISTJ       0.00      0.00      0.00        41\n        ISTP       0.00      0.00      0.00        67\n\n    accuracy                           0.36      1735\n   macro avg       0.17      0.13      0.11      1735\nweighted avg       0.34      0.36      0.28      1735\n"
  }
}